region_id,Región,Comuna,Pacto,Partido,Nro.voto,Nombres,Primer apellido,Segundo apellido,Votos,Cargo,Coalicion1,Coalicion2
1,DE TARAPACA,ALTO HOSPICIO,UNIDOS POR LA DIGNIDAD,PARTIDO DEMOCRATA CRISTIANO,250.0,PATRICIO ELIAS,FERREIRA,RIVERA,6833,ALCALDE,0,0
1,DE TARAPACA,CAMIÑA,INDEPENDIENTES,INDEPENDIENTES,252.0,EVELYN MARIA,MAMANI,VIZA,596,ALCALDE,1,0
1,DE TARAPACA,COLCHANE,UNIDOS POR LA DIGNIDAD,INDEPENDIENTES-LISTA XU,250.0,JAVIER IGNACIO,GARCIA,CHOQUE,1120,ALCALDE,0,0
1,DE TARAPACA,HUARA,CHILE VAMOS,UNION DEMOCRATA INDEPENDIENTE,251.0,JOSE ANDRES,BARTOLO,VINAYA,1463,ALCALDE,1,1
1,DE TARAPACA,IQUIQUE,UNIDAD POR EL APRUEBO,INDEPENDIENTES-LISTA K,250.0,MAURICIO ALEJANDRO,SORIA,MACCHIAVELLO,28346,ALCALDE,0,0
1,DE TARAPACA,PICA,CHILE VAMOS,INDEPENDIENTES-LISTA XX,251.0,IVAN MANUEL,INFANTE,CHACON,2086,ALCALDE,1,1
1,DE TARAPACA,POZO ALMONTE,UNIDOS POR LA DIGNIDAD,PARTIDO DEMOCRATA CRISTIANO,250.0,RICHARD ALFONSO,GODOY,AGUIRRE,2922,ALCALDE,0,0
2,DE ANTOFAGASTA,ANTOFAGASTA,INDEPENDIENTES,INDEPENDIENTES,254.0,JONATHAN RODRIGO,VELASQUEZ,RAMIREZ,26913,ALCALDE,1,0
2,DE ANTOFAGASTA,CALAMA,CHILE DIGNO VERDE Y SOBERANO,FEDERACION REGIONALISTA VERDE SOCIAL,250.0,ELIECER DANIEL,CHAMORRO,VARGAS,11528,ALCALDE,0,0
2,DE ANTOFAGASTA,MARIA ELENA,CHILE VAMOS,INDEPENDIENTES-LISTA XX,251.0,OMAR FRANCISCO,NORAMBUENA,RIVERA,1056,ALCALDE,1,1
2,DE ANTOFAGASTA,MEJILLONES,UNIDAD POR EL APRUEBO,PARTIDO POR LA DEMOCRACIA,250.0,MARCELINO SEGUNDO,CARVAJAL,FERREIRA,2840,ALCALDE,0,0
2,DE ANTOFAGASTA,OLLAGUE,INDEPENDIENTES,INDEPENDIENTES,254.0,HUMBERTO JOSE,FLORES,GONZALEZ,290,ALCALDE,1,0
2,DE ANTOFAGASTA,SAN PEDRO DE ATACAMA,CHILE DIGNO VERDE Y SOBERANO,INDEPENDIENTES-LISTA M,251.0,JUSTO ALEXIS,ZULETA,SANTANDER,1106,ALCALDE,0,0
2,DE ANTOFAGASTA,SIERRA GORDA,INDEPENDIENTES,INDEPENDIENTES,252.0,DEBORAH DEL PILAR,PAREDES,CUEVAS,456,ALCALDE,1,0
2,DE ANTOFAGASTA,TALTAL,INDEPENDIENTES,INDEPENDIENTES,252.0,GUILLERMO GRICERIO,HIDALGO,OCAMPO,2170,ALCALDE,1,0
2,DE ANTOFAGASTA,TOCOPILLA,INDEPENDIENTES,INDEPENDIENTES,254.0,LJUBICA ELENA,KURTOVIC,CORTES,3583,ALCALDE,1,0
3,DE ATACAMA,ALTO DEL CARMEN,UNIDAD POR EL APRUEBO,PARTIDO RADICAL DE CHILE,250.0,CRISTIAN DIDY,OLIVARES,IRIARTE,1493,ALCALDE,0,0
3,DE ATACAMA,CALDERA,UNIDAD POR EL APRUEBO,PARTIDO POR LA DEMOCRACIA,250.0,BRUNILDA CLEMENTINA,GONZALEZ,ANJEL,3805,ALCALDE,0,0
3,DE ATACAMA,CHAÑARAL,UNIDAD POR EL APRUEBO,PARTIDO RADICAL DE CHILE,250.0,MARGARITA ALICIA,FLORES,SALAZAR,2169,ALCALDE,0,0
3,DE ATACAMA,COPIAPO,UNIDOS POR LA DIGNIDAD,INDEPENDIENTES-LISTA XU,252.0,MARCOS RODRIGO,LOPEZ,RIVERA,10485,ALCALDE,0,0
3,DE ATACAMA,DIEGO DE ALMAGRO,CHILE VAMOS,RENOVACION NACIONAL,252.0,MARIO EDWAR,ARAYA,ROJAS,2594,ALCALDE,1,1
3,DE ATACAMA,FREIRINA,UNIDAD POR EL APRUEBO,PARTIDO SOCIALISTA DE CHILE,250.0,CESAR ANTONIO,ORELLANA,ORELLANA,2085,ALCALDE,0,0
3,DE ATACAMA,HUASCO,INDEPENDIENTES,INDEPENDIENTES,253.0,RIGOBERTO GENARO,BRICEÑO,TAPIA,1666,ALCALDE,1,0
3,DE ATACAMA,TIERRA AMARILLA,CHILE DIGNO VERDE Y SOBERANO,PARTIDO COMUNISTA DE CHILE,251.0,CRISTOBAL ANDRES,ZUÑIGA,ARANCIBIA,2853,ALCALDE,0,0
3,DE ATACAMA,VALLENAR,INDEPENDIENTES,INDEPENDIENTES,255.0,ARMANDO PABLO,FLORES,JIMENEZ,5101,ALCALDE,1,0
4,DE COQUIMBO,ANDACOLLO,INDEPENDIENTES,INDEPENDIENTES,253.0,GERALD ALBERT,CERDA,PIZARRO,2678,ALCALDE,1,0
4,DE COQUIMBO,CANELA,CHILE DIGNO VERDE Y SOBERANO,PARTIDO COMUNISTA DE CHILE,250.0,JUAN BERNARDO,LEYTON,LEMUS,2736,ALCALDE,0,0
4,DE COQUIMBO,COMBARBALA,UNIDOS POR LA DIGNIDAD,PARTIDO DEMOCRATA CRISTIANO,252.0,PEDRO MIGUEL ANGEL,CASTILLO,DIAZ,2487,ALCALDE,0,0
4,DE COQUIMBO,COQUIMBO,INDEPENDIENTES,INDEPENDIENTES,254.0,ALI MANUEL,MANOUCHEHRI MOGHADAM KASHAN,LOBOS,21040,ALCALDE,1,0
4,DE COQUIMBO,ILLAPEL,UNIDOS POR LA DIGNIDAD,PARTIDO DEMOCRATA CRISTIANO,251.0,DENIS MIGUEL ANGEL,CORTES,AGUILERA,5248,ALCALDE,0,0
4,DE COQUIMBO,LA HIGUERA,CHILE VAMOS,UNION DEMOCRATA INDEPENDIENTE,251.0,YERKO HERNALDO,GALLEGUILLOS,OSSANDON,1395,ALCALDE,1,1
4,DE COQUIMBO,LA SERENA,UNIDAD POR EL APRUEBO,PARTIDO RADICAL DE CHILE,250.0,ROBERTO ELIAS,JACOB,JURE,23726,ALCALDE,0,0
4,DE COQUIMBO,LOS VILOS,INDEPENDIENTES,INDEPENDIENTES,253.0,CHRISTIAN FRANK,GROSS,HIDALGO,1899,ALCALDE,1,0
4,DE COQUIMBO,MONTE PATRIA,INDEPENDIENTES,INDEPENDIENTES,253.0,CRISTIAN DANIEL,HERRERA,PEÑA,6531,ALCALDE,1,0
4,DE COQUIMBO,OVALLE,INDEPENDIENTES,INDEPENDIENTES,254.0,CLAUDIO FERMIN,RENTERIA,LARRONDO,13601,ALCALDE,1,0
4,DE COQUIMBO,PAIHUANO,CHILE VAMOS,RENOVACION NACIONAL,251.0,HERNAN ANDRES,AHUMADA,AHUMADA,1663,ALCALDE,1,1
4,DE COQUIMBO,PUNITAQUI,INDEPENDIENTES,INDEPENDIENTES,255.0,CARLOS ANTONIO,ARAYA,BUGUEÑO,1079,ALCALDE,1,0
4,DE COQUIMBO,RIO HURTADO,INDEPENDIENTES,INDEPENDIENTES,252.0,CARMEN JUANA,OLIVARES,DE LA RIVERA,1147,ALCALDE,1,0
4,DE COQUIMBO,SALAMANCA,INDEPENDIENTES,INDEPENDIENTES,252.0,GERARDO ANDRES,ROJAS,ESCUDERO,3170,ALCALDE,1,0
4,DE COQUIMBO,VICUÑA,UNIDOS POR LA DIGNIDAD,PARTIDO DEMOCRATA CRISTIANO,250.0,RAFAEL ENRIQUE,VERA,CASTILLO,5303,ALCALDE,0,0
5,DE VALPARAISO,CABILDO,UNIDOS POR LA DIGNIDAD,PARTIDO DEMOCRATA CRISTIANO,251.0,VICTOR MANUEL,DONOSO,OYANEDEL,4274,ALCALDE,0,0
5,DE VALPARAISO,CALERA,INDEPENDIENTES,INDEPENDIENTES,254.0,JOHNNY ALEXIS,PIRAINO,MENESES,6538,ALCALDE,1,0
5,DE VALPARAISO,CALLE LARGA,UNIDAD POR EL APRUEBO,PARTIDO SOCIALISTA DE CHILE,250.0,DINA PATRICIA,GONZALEZ,ALFARO,3304,ALCALDE,0,0
5,DE VALPARAISO,CATEMU,INDEPENDIENTES,INDEPENDIENTES,253.0,RODRIGO EDUARDO,DIAZ,BRITO,2204,ALCALDE,1,0
5,DE VALPARAISO,HIJUELAS,INDEPENDIENTES,INDEPENDIENTES,252.0,JOSE RAFAEL,SAAVEDRA,IBACACHE,2936,ALCALDE,1,0
5,DE VALPARAISO,LA CRUZ,UNIDAD POR EL APRUEBO,PARTIDO SOCIALISTA DE CHILE,250.0,FILOMENA AIDA,NAVIA,HEVIA,3817,ALCALDE,0,0
5,DE VALPARAISO,LA LIGUA,INDEPENDIENTES,INDEPENDIENTES,255.0,PATRICIO DANIEL,PALLARES,VALENZUELA,6632,ALCALDE,1,0
5,DE VALPARAISO,LIMACHE,CHILE VAMOS,RENOVACION NACIONAL,251.0,DANIEL RODRIGO,MORALES,ESPINDOLA,6586,ALCALDE,1,1
5,DE VALPARAISO,LLAILLAY,UNIDOS POR LA DIGNIDAD,PARTIDO DEMOCRATA CRISTIANO,251.0,EDGARDO RAUL,GONZALEZ,ARANCIBIA,5927,ALCALDE,0,0
5,DE VALPARAISO,LOS ANDES,CHILE VAMOS,UNION DEMOCRATA INDEPENDIENTE,253.0,MANUEL EDUARDO ENRIQUE,RIVERA,MARTINEZ,7674,ALCALDE,1,1
5,DE VALPARAISO,NOGALES,CHILE VAMOS,INDEPENDIENTES-LISTA XX,252.0,MARGARITA DE LAS MERCEDES,OSORIO,PIZARRO,5030,ALCALDE,1,1
5,DE VALPARAISO,OLMUE,DIGNIDAD AHORA,PARTIDO HUMANISTA,253.0,JORGE ELIAS,JIL,HERRERA,3877,ALCALDE,0,0
5,DE VALPARAISO,PANQUEHUE,UNIDOS POR LA DIGNIDAD,PARTIDO DEMOCRATA CRISTIANO,250.0,GONZALO ENRIQUE,VERGARA,LIZANA,2005,ALCALDE,0,0
5,DE VALPARAISO,PAPUDO,CHILE VAMOS,RENOVACION NACIONAL,252.0,CLAUDIA ROSARIO,ADASME,DONOSO,1297,ALCALDE,1,1
5,DE VALPARAISO,PETORCA,INDEPENDIENTES,INDEPENDIENTES,255.0,IGNACIO GAMALIER,VILLALOBOS,HENRIQUEZ,1382,ALCALDE,1,0
5,DE VALPARAISO,PUCHUNCAVI,CHILE VAMOS,INDEPENDIENTES-LISTA XX,251.0,MARCOS ANTONIO,MORALES,URETA,3482,ALCALDE,1,1
5,DE VALPARAISO,PUTAENDO,INDEPENDIENTES,INDEPENDIENTES,257.0,MAURICIO ANTONIO,QUIROZ,CHAMORRO,1231,ALCALDE,1,0
5,DE VALPARAISO,QUILLOTA,INDEPENDIENTES,INDEPENDIENTES,253.0,OSCAR RODOLFO,CALDERON,SANCHEZ,16520,ALCALDE,1,0
5,DE VALPARAISO,QUILPUE,FRENTE AMPLIO,CONVERGENCIA SOCIAL,251.0,VALERIA ANDREA,MELIPILLAN,FIGUEROA,19015,ALCALDE,0,0
5,DE VALPARAISO,QUINTERO,INDEPENDIENTES,INDEPENDIENTES,252.0,ISAAC MAURICIO,CARRASCO,PARDO,6208,ALCALDE,1,0
5,DE VALPARAISO,RINCONADA,CHILE VAMOS,INDEPENDIENTES-LISTA XX,251.0,JUAN EMIGDIO,GALDAMES,CARMONA,2293,ALCALDE,1,1
5,DE VALPARAISO,SAN ESTEBAN,INDEPENDIENTES,INDEPENDIENTES,253.0,CHRISTIAN MAURICIO,ORTEGA,VILLAGRAS,4557,ALCALDE,1,0
5,DE VALPARAISO,SAN FELIPE,UNIDAD POR EL APRUEBO,INDEPENDIENTES-LISTA K,250.0,CARMEN GISELE,CASTILLO,TAUCHER,8406,ALCALDE,0,0
5,DE VALPARAISO,SANTA MARIA,UNIDAD POR EL APRUEBO,PARTIDO POR LA DEMOCRACIA,250.0,MANUEL ENRIQUE,LEON,SAA,3385,ALCALDE,0,0
5,DE VALPARAISO,VILLA ALEMANA,INDEPENDIENTES,INDEPENDIENTES,255.0,JAVIERA ITALIA,TOLEDO,MUÑOZ,17913,ALCALDE,1,0
5,DE VALPARAISO,ZAPALLAR,CHILE VAMOS,INDEPENDIENTES-LISTA XX,250.0,GUSTAVO,ALESSANDRI,BASCUÑAN,3709,ALCALDE,1,1
5,DE VALPARAISO,ALGARROBO,CHILE VAMOS,UNION DEMOCRATA INDEPENDIENTE,250.0,JOSE LUIS,YAÑEZ,MALDONADO,3817,ALCALDE,1,1
5,DE VALPARAISO,CARTAGENA,UNIDAD POR EL APRUEBO,PARTIDO POR LA DEMOCRACIA,250.0,LUIS RODRIGO,GARCIA,TAPIA,4395,ALCALDE,0,0
5,DE VALPARAISO,CASABLANCA,FRENTE AMPLIO,REVOLUCION DEMOCRATICA,251.0,FRANCISCO JAVIER,RIQUELME,LOPEZ,4290,ALCALDE,0,0
5,DE VALPARAISO,CONCON,INDEPENDIENTES,INDEPENDIENTES,254.0,FREDDY ANTONIO,RAMIREZ,VILLALOBOS,4884,ALCALDE,1,0
5,DE VALPARAISO,EL QUISCO,INDEPENDIENTES,INDEPENDIENTES,253.0,JOSE ANTONIO,JOFRE,BUSTOS,2806,ALCALDE,1,0
5,DE VALPARAISO,EL TABO,UNIDAD POR EL APRUEBO,PARTIDO SOCIALISTA DE CHILE,250.0,ALFONSO ADRIAN,MUÑOZ,ARAVENA,2460,ALCALDE,0,0
5,DE VALPARAISO,ISLA DE PASCUA,UNIDOS POR LA DIGNIDAD,PARTIDO PROGRESISTA DE CHILE,250.0,PEDRO PABLO,EDMUNDS,PAOA,2170,ALCALDE,0,0
5,DE VALPARAISO,JUAN FERNANDEZ,UNIDAD POR EL APRUEBO,INDEPENDIENTES-LISTA K,250.0,PABLO ANDRES,MANRIQUEZ,ANGULO,511,ALCALDE,0,0
5,DE VALPARAISO,SAN ANTONIO,INDEPENDIENTES,INDEPENDIENTES,254.0,MARIA CONSTANZA,LIZANA,SIERRA,10566,ALCALDE,1,0
5,DE VALPARAISO,SANTO DOMINGO,CHILE VAMOS,RENOVACION NACIONAL,251.0,DINO PAOLO,LOTITO,FLORES,4308,ALCALDE,1,1
5,DE VALPARAISO,VALPARAISO,INDEPENDIENTES,INDEPENDIENTES,255.0,JORGE ESTEBAN,SHARP,FAJARDO,64832,ALCALDE,1,0
5,DE VALPARAISO,VIÑA DEL MAR,FRENTE AMPLIO,REVOLUCION DEMOCRATICA,251.0,MACARENA CAROLINA,RIPAMONTI,SERRANO,49652,ALCALDE,0,0
6,DEL LIBERTADOR GENERAL BERNARDO O'HIGGINS,CODEGUA,INDEPENDIENTES,INDEPENDIENTES,251.0,JOSE ALEXANDER,FLORES,OSORIO,3262,ALCALDE,1,0
6,DEL LIBERTADOR GENERAL BERNARDO O'HIGGINS,COINCO,INDEPENDIENTES,INDEPENDIENTES,252.0,JUAN EXEQUIEL,ABARCA,PADILLA,1821,ALCALDE,1,0
6,DEL LIBERTADOR GENERAL BERNARDO O'HIGGINS,COLTAUCO,CHILE VAMOS,RENOVACION NACIONAL,251.0,FELIX ANDRES,SANCHEZ,VERGARA,2030,ALCALDE,1,1
6,DEL LIBERTADOR GENERAL BERNARDO O'HIGGINS,DOÑIHUE,INDEPENDIENTES,INDEPENDIENTES,253.0,PABLA ALEJANDRA,PONCE,VALLE,3576,ALCALDE,1,0
6,DEL LIBERTADOR GENERAL BERNARDO O'HIGGINS,GRANEROS,INDEPENDIENTES,INDEPENDIENTES,252.0,CLAUDIO RAFAEL,SEGOVIA,COFRE,7337,ALCALDE,1,0
6,DEL LIBERTADOR GENERAL BERNARDO O'HIGGINS,MACHALI,INDEPENDIENTES,INDEPENDIENTES,254.0,JUAN CARLOS,ABUD,PARRA,8888,ALCALDE,1,0
6,DEL LIBERTADOR GENERAL BERNARDO O'HIGGINS,MALLOA,UNIDAD POR EL APRUEBO,INDEPENDIENTES-LISTA K,250.0,LUIS MANUEL,BARRA,VILLANUEVA,2694,ALCALDE,0,0
6,DEL LIBERTADOR GENERAL BERNARDO O'HIGGINS,MOSTAZAL,INDEPENDIENTES,INDEPENDIENTES,252.0,SANTIAGO AQUILES,GARATE,ESPINOZA,2766,ALCALDE,1,0
6,DEL LIBERTADOR GENERAL BERNARDO O'HIGGINS,OLIVAR,CHILE VAMOS,INDEPENDIENTES-LISTA XX,251.0,MARIA ESTRELLA,MONTERO,CARRASCO,2472,ALCALDE,1,1
6,DEL LIBERTADOR GENERAL BERNARDO O'HIGGINS,QUINTA DE TILCOCO,CHILE VAMOS,INDEPENDIENTES-LISTA XX,252.0,SEBASTIAN ALONSO,RODRIGUEZ,FUENZALIDA,2810,ALCALDE,1,1
6,DEL LIBERTADOR GENERAL BERNARDO O'HIGGINS,RANCAGUA,UNIDAD POR EL APRUEBO,PARTIDO SOCIALISTA DE CHILE,250.0,JUAN RAMON,GODOY,MUÑOZ,20529,ALCALDE,0,0
6,DEL LIBERTADOR GENERAL BERNARDO O'HIGGINS,RENGO,UNIDAD POR EL APRUEBO,INDEPENDIENTES-LISTA K,250.0,CARLOS ERNESTO,SOTO,GONZALEZ,5974,ALCALDE,0,0
6,DEL LIBERTADOR GENERAL BERNARDO O'HIGGINS,REQUINOA,UNIDAD POR EL APRUEBO,INDEPENDIENTES-LISTA K,250.0,WALDO ANTONIO,VALDIVIA,MONTECINOS,5568,ALCALDE,0,0
6,DEL LIBERTADOR GENERAL BERNARDO O'HIGGINS,CHEPICA,UNIDAD POR EL APRUEBO,PARTIDO SOCIALISTA DE CHILE,250.0,FABIAN ANDRES,SOTO,GONZALEZ,2377,ALCALDE,0,0
6,DEL LIBERTADOR GENERAL BERNARDO O'HIGGINS,CHIMBARONGO,CHILE VAMOS,INDEPENDIENTES-LISTA XX,251.0,MARCO ANTONIO,CONTRERAS,JORQUERA,8975,ALCALDE,1,1
6,DEL LIBERTADOR GENERAL BERNARDO O'HIGGINS,LA ESTRELLA,INDEPENDIENTES,INDEPENDIENTES,252.0,MARIA ANGELICA,SILVA,ARRUE,956,ALCALDE,1,0
6,DEL LIBERTADOR GENERAL BERNARDO O'HIGGINS,LAS CABRAS,UNIDOS POR LA DIGNIDAD,PARTIDO PROGRESISTA DE CHILE,250.0,JUAN PABLO,FLORES,ASTORGA,3491,ALCALDE,0,0
6,DEL LIBERTADOR GENERAL BERNARDO O'HIGGINS,LITUECHE,CHILE VAMOS,UNION DEMOCRATA INDEPENDIENTE,252.0,RENE SANTIAGO,ACUÑA,ECHEVERRIA,1837,ALCALDE,1,1
6,DEL LIBERTADOR GENERAL BERNARDO O'HIGGINS,LOLOL,INDEPENDIENTES,INDEPENDIENTES,251.0,JOSE ALFREDO,ROMAN,CHAVEZ,1813,ALCALDE,1,0
6,DEL LIBERTADOR GENERAL BERNARDO O'HIGGINS,MARCHIGUE,DIGNIDAD AHORA,PARTIDO HUMANISTA,252.0,CRISTIAN ALEJANDRO,SALINAS,HERRERA,2365,ALCALDE,0,0
6,DEL LIBERTADOR GENERAL BERNARDO O'HIGGINS,NANCAGUA,INDEPENDIENTES,INDEPENDIENTES,252.0,MARIO ANDRES,BUSTAMANTE,SALINAS,2681,ALCALDE,1,0
6,DEL LIBERTADOR GENERAL BERNARDO O'HIGGINS,NAVIDAD,CHILE DIGNO VERDE Y SOBERANO,INDEPENDIENTES-LISTA M,251.0,YANKO ANTONIO,BLUMEN,ANTIVILO,901,ALCALDE,0,0
6,DEL LIBERTADOR GENERAL BERNARDO O'HIGGINS,PALMILLA,UNIDOS POR LA DIGNIDAD,PARTIDO DEMOCRATA CRISTIANO,250.0,GLORIA DE LAS MERCEDES,PAREDES,VALDES,2934,ALCALDE,0,0
6,DEL LIBERTADOR GENERAL BERNARDO O'HIGGINS,PAREDONES,CHILE VAMOS,RENOVACION NACIONAL,251.0,MOISES ANTONIO,CARVACHO,VARGAS,2698,ALCALDE,1,1
6,DEL LIBERTADOR GENERAL BERNARDO O'HIGGINS,PERALILLO,UNIDAD POR EL APRUEBO,PARTIDO SOCIALISTA DE CHILE,250.0,CLAUDIO,CUMSILLE,CHOMALI,3110,ALCALDE,0,0
6,DEL LIBERTADOR GENERAL BERNARDO O'HIGGINS,PEUMO,INDEPENDIENTES,INDEPENDIENTES,254.0,CARLOS ARIEL,ALIAGA,DONOSO,1919,ALCALDE,1,0
6,DEL LIBERTADOR GENERAL BERNARDO O'HIGGINS,PICHIDEGUA,UNIDOS POR LA DIGNIDAD,PARTIDO DEMOCRATA CRISTIANO,251.0,MARCOS AURELIO,FUENTES,ULLOA,2666,ALCALDE,0,0
6,DEL LIBERTADOR GENERAL BERNARDO O'HIGGINS,PICHILEMU,INDEPENDIENTES,INDEPENDIENTES,254.0,CRISTIAN ANDRES,POZO,PARRAGUEZ,2717,ALCALDE,1,0
6,DEL LIBERTADOR GENERAL BERNARDO O'HIGGINS,PLACILLA,UNIDOS POR LA DIGNIDAD,PARTIDO DEMOCRATA CRISTIANO,250.0,MANUEL TULIO,CONTRERAS,ALVAREZ,2971,ALCALDE,0,0
6,DEL LIBERTADOR GENERAL BERNARDO O'HIGGINS,PUMANQUE,INDEPENDIENTES,INDEPENDIENTES,251.0,VICTOR GONZALO,BARAONA,BEZANILLA,1746,ALCALDE,1,0
6,DEL LIBERTADOR GENERAL BERNARDO O'HIGGINS,SAN FERNANDO,INDEPENDIENTES,INDEPENDIENTES,253.0,PABLO FRANCISCO,SILVA,PEREZ,8322,ALCALDE,1,0
6,DEL LIBERTADOR GENERAL BERNARDO O'HIGGINS,SANTA CRUZ,CHILE VAMOS,INDEPENDIENTES-LISTA XX,253.0,GUSTAVO WILLIAM,AREVALO,CORNEJO,6000,ALCALDE,1,1
6,DEL LIBERTADOR GENERAL BERNARDO O'HIGGINS,SAN VICENTE,UNIDAD POR EL APRUEBO,INDEPENDIENTES-LISTA K,250.0,JAIME ENRIQUE,GONZALEZ,RAMIREZ,9312,ALCALDE,0,0
7,DEL MAULE,CONSTITUCION,UNIDAD POR EL APRUEBO,PARTIDO RADICAL DE CHILE,250.0,FABIAN MANUEL,PEREZ,HERRERA,8493,ALCALDE,0,0
7,DEL MAULE,CUREPTO,UNIDAD POR EL APRUEBO,PARTIDO POR LA DEMOCRACIA,250.0,RENE ALEJANDRO,CONCHA,GONZALEZ,2744,ALCALDE,0,0
7,DEL MAULE,CURICO,UNIDOS POR LA DIGNIDAD,PARTIDO DEMOCRATA CRISTIANO,250.0,JAVIER ANTONIO,MUÑOZ,RIQUELME,20374,ALCALDE,0,0
7,DEL MAULE,EMPEDRADO,INDEPENDIENTES,INDEPENDIENTES,252.0,GONZALO ANTONIO,TEJOS,PEREZ,1221,ALCALDE,1,0
7,DEL MAULE,HUALAÑE,UNIDOS POR LA DIGNIDAD,PARTIDO DEMOCRATA CRISTIANO,251.0,CAROLINA ALEJANDRA,MUÑOZ,NUÑEZ,3591,ALCALDE,0,0
7,DEL MAULE,LICANTEN,INDEPENDIENTES,INDEPENDIENTES,251.0,OSCAR MARCELO,FERNANDEZ,VILOS,2555,ALCALDE,1,0
7,DEL MAULE,MAULE,UNIDOS POR LA DIGNIDAD,PARTIDO DEMOCRATA CRISTIANO,250.0,LUIS GABRIEL,VASQUEZ,GALVEZ,6483,ALCALDE,0,0
7,DEL MAULE,MOLINA,UNIDOS POR LA DIGNIDAD,PARTIDO DEMOCRATA CRISTIANO,250.0,PRISCILLA ELENA,CASTILLO,GERLI,10944,ALCALDE,0,0
7,DEL MAULE,PELARCO,CHILE VAMOS,UNION DEMOCRATA INDEPENDIENTE,252.0,LUIS BERNARDO,VASQUEZ,BOBADILLA,2819,ALCALDE,1,1
7,DEL MAULE,PENCAHUE,INDEPENDIENTES,INDEPENDIENTES,252.0,JOSE MIGUEL,TOBAR,ARAVENA,2336,ALCALDE,1,0
7,DEL MAULE,RAUCO,UNIDAD POR EL APRUEBO,PARTIDO RADICAL DE CHILE,250.0,ENRIQUE FRANCISCO IGNACIO,OLIVARES,FARIAS,2195,ALCALDE,0,0
7,DEL MAULE,RIO CLARO,CHILE VAMOS,RENOVACION NACIONAL,251.0,AMERICO GUSTAVO,GUAJARDO,OYARCE,3138,ALCALDE,1,1
7,DEL MAULE,ROMERAL,UNIDAD POR EL APRUEBO,PARTIDO SOCIALISTA DE CHILE,250.0,CARLOS ALBERTO,VERGARA,ZEREGA,5157,ALCALDE,0,0
7,DEL MAULE,SAGRADA FAMILIA,CHILE VAMOS,UNION DEMOCRATA INDEPENDIENTE,251.0,MARTIN ABDON,ARRIAGADA,URRUTIA,4452,ALCALDE,1,1
7,DEL MAULE,SAN CLEMENTE,INDEPENDIENTES,INDEPENDIENTES,252.0,MARIA INES,SEPULVEDA,FUENTES,5899,ALCALDE,1,0
7,DEL MAULE,SAN RAFAEL,UNIDOS POR LA DIGNIDAD,PARTIDO DEMOCRATA CRISTIANO,250.0,CLAUDIA,DIAZ,BRAVO,3426,ALCALDE,0,0
7,DEL MAULE,TALCA,CHILE VAMOS,RENOVACION NACIONAL,252.0,JUAN CARLOS,DIAZ,AVENDAÑO,28514,ALCALDE,1,1
7,DEL MAULE,TENO,INDEPENDIENTES,INDEPENDIENTES,251.0,SANDRA CECILIA,AMESTICA,GAETE,4825,ALCALDE,1,0
7,DEL MAULE,VICHUQUEN,INDEPENDIENTES,INDEPENDIENTES,252.0,PATRICIO ANDRES,RIVERA,BRAVO,1456,ALCALDE,1,0
7,DEL MAULE,CAUQUENES,INDEPENDIENTES,INDEPENDIENTES,253.0,NERY CRISTINA,RODRIGUEZ,DOMINGUEZ,6034,ALCALDE,1,0
7,DEL MAULE,CHANCO,UNIDAD POR EL APRUEBO,PARTIDO RADICAL DE CHILE,250.0,MARCELO OSVALDO,WADDINGTON,GUAJARDO,2445,ALCALDE,0,0
7,DEL MAULE,COLBUN,INDEPENDIENTES,INDEPENDIENTES,251.0,PEDRO PABLO,MUÑOZ,OSES,4061,ALCALDE,1,0
7,DEL MAULE,LINARES,CHILE VAMOS,RENOVACION NACIONAL,251.0,MARIO ALEJANDRO,MEZA,VASQUEZ,12205,ALCALDE,1,1
7,DEL MAULE,LONGAVI,CHILE VAMOS,UNION DEMOCRATA INDEPENDIENTE,251.0,CRISTIAN ENRIQUE,MENCHACA,PINOCHET,3981,ALCALDE,1,1
7,DEL MAULE,PARRAL,CHILE VAMOS,UNION DEMOCRATA INDEPENDIENTE,251.0,PAULA DEL CARMEN,RETAMAL,URRUTIA,5144,ALCALDE,1,1
7,DEL MAULE,PELLUHUE,UNIDOS POR LA DIGNIDAD,INDEPENDIENTES-LISTA XU,250.0,MARIA LUZ,REYES,ORELLANA,3547,ALCALDE,0,0
7,DEL MAULE,RETIRO,CHILE VAMOS,RENOVACION NACIONAL,252.0,RODRIGO,RAMIREZ,PARRA,3732,ALCALDE,1,1
7,DEL MAULE,SAN JAVIER,UNIDOS POR LA DIGNIDAD,PARTIDO DEMOCRATA CRISTIANO,251.0,JORGE EDUARDO IGNACIO,SILVA,SEPULVEDA,5915,ALCALDE,0,0
7,DEL MAULE,VILLA ALEGRE,CHILE VAMOS,INDEPENDIENTES-LISTA XX,251.0,PABLO BENITO,FUENTES,VALLEJOS,1568,ALCALDE,1,1
7,DEL MAULE,YERBAS BUENAS,UNIDOS POR LA DIGNIDAD,INDEPENDIENTES-LISTA XU,250.0,LUIS GILBERTO,CADEGAN,MORAN,3759,ALCALDE,0,0
8,DEL BIOBIO,CHIGUAYANTE,UNIDAD POR EL APRUEBO,PARTIDO SOCIALISTA DE CHILE,250.0,JOSE ANTONIO,RIVAS,VILLALOBOS,15054,ALCALDE,0,0
8,DEL BIOBIO,CONCEPCION,UNIDOS POR LA DIGNIDAD,PARTIDO DEMOCRATA CRISTIANO,251.0,ALVARO ANDRES,ORTIZ,VERA,30028,ALCALDE,0,0
8,DEL BIOBIO,CORONEL,INDEPENDIENTES,INDEPENDIENTES,253.0,BORIS FELIPE,CHAMORRO,REBOLLEDO,22559,ALCALDE,1,0
8,DEL BIOBIO,FLORIDA,UNIDOS POR LA DIGNIDAD,PARTIDO DEMOCRATA CRISTIANO,250.0,JORGE ELIECER,ROA,VILLEGAS,1776,ALCALDE,0,0
8,DEL BIOBIO,HUALPEN,UNIDAD POR EL APRUEBO,PARTIDO POR LA DEMOCRACIA,250.0,MIGUEL ANGEL,RIVERA,MORALES,7433,ALCALDE,0,0
8,DEL BIOBIO,HUALQUI,INDEPENDIENTES,INDEPENDIENTES,251.0,JORGE ALEJANDRO,CONTANZO,BRAVO,6760,ALCALDE,1,0
8,DEL BIOBIO,PENCO,UNIDOS POR LA DIGNIDAD,PARTIDO DEMOCRATA CRISTIANO,250.0,VICTOR HUGO,FIGUEROA,REBOLLEDO,13422,ALCALDE,0,0
8,DEL BIOBIO,SAN PEDRO DE LA PAZ,INDEPENDIENTES,INDEPENDIENTES,256.0,JAVIER ENRIQUE,GUIÑEZ,CASTRO,8043,ALCALDE,1,0
8,DEL BIOBIO,SANTA JUANA,INDEPENDIENTES,INDEPENDIENTES,252.0,ANA ALEJANDRA,ALBORNOZ,CUEVAS,2851,ALCALDE,1,0
8,DEL BIOBIO,TALCAHUANO,CHILE VAMOS,UNION DEMOCRATA INDEPENDIENTE,251.0,HENRY LEONARDO,CAMPOS,COA,14423,ALCALDE,1,1
8,DEL BIOBIO,TOME,UNIDOS POR LA DIGNIDAD,PARTIDO DEMOCRATA CRISTIANO,250.0,GLORIA IVONNE,RIVAS,ORTIZ,6606,ALCALDE,0,0
8,DEL BIOBIO,ALTO BIOBIO,UNIDAD POR EL APRUEBO,PARTIDO POR LA DEMOCRACIA,250.0,NIVALDO EUSEBIO,PIÑALEO,LLAULEN,1651,ALCALDE,0,0
8,DEL BIOBIO,ANTUCO,INDEPENDIENTES,INDEPENDIENTES,251.0,MIGUEL JALIL,ABUTER,LEON,977,ALCALDE,1,0
8,DEL BIOBIO,ARAUCO,INDEPENDIENTES,INDEPENDIENTES,253.0,ELIZABETH NOEMI,MARICAN,RIVAS,5178,ALCALDE,1,0
8,DEL BIOBIO,CABRERO,INDEPENDIENTES,INDEPENDIENTES,252.0,MARIO ALEJANDRO,GIERKE,QUEVEDO,6504,ALCALDE,1,0
8,DEL BIOBIO,CAÑETE,CHILE VAMOS,RENOVACION NACIONAL,251.0,JORGE JAMES,RADONICH,BARRA,6111,ALCALDE,1,1
8,DEL BIOBIO,CONTULMO,INDEPENDIENTES,INDEPENDIENTES,252.0,CARLOS ARTURO,LEAL,NEIRA,1596,ALCALDE,1,0
8,DEL BIOBIO,CURANILAHUE,INDEPENDIENTES,INDEPENDIENTES,251.0,ALEJANDRA SOLANGE,BURGOS,BIZAMA,6989,ALCALDE,1,0
8,DEL BIOBIO,LAJA,INDEPENDIENTES,INDEPENDIENTES,253.0,ROBERTO ELIAS,QUINTANA,INOSTROZA,5251,ALCALDE,1,0
8,DEL BIOBIO,LEBU,UNIDOS POR LA DIGNIDAD,INDEPENDIENTES-LISTA XU,250.0,CRISTIAN ABEL JORGE,PEÑA,MORALES,6744,ALCALDE,0,0
8,DEL BIOBIO,LOS ALAMOS,CHILE VAMOS,UNION DEMOCRATA INDEPENDIENTE,251.0,PABLO CESAR,VEGAS,VERDUGO,3704,ALCALDE,1,1
8,DEL BIOBIO,LOS ANGELES,UNIDAD POR EL APRUEBO,PARTIDO RADICAL DE CHILE,250.0,ESTEBAN EDUARDO,KRAUSE,SALAZAR,36579,ALCALDE,0,0
8,DEL BIOBIO,LOTA,INDEPENDIENTES,INDEPENDIENTES,254.0,VICTOR PATRICIO,MARCHANT,ULLOA,8301,ALCALDE,1,0
8,DEL BIOBIO,MULCHEN,UNIDOS POR LA DIGNIDAD,PARTIDO DEMOCRATA CRISTIANO,250.0,JORGE ALBERTO,RIVAS,FIGUEROA,4636,ALCALDE,0,0
8,DEL BIOBIO,NACIMIENTO,CHILE VAMOS,UNION DEMOCRATA INDEPENDIENTE,251.0,CARLOS ROBERTO,TOLOZA,SOTO,5067,ALCALDE,1,1
8,DEL BIOBIO,NEGRETE,UNIDAD POR EL APRUEBO,PARTIDO RADICAL DE CHILE,250.0,ALFREDO ALEJANDRO,PEÑA,PEÑA,2532,ALCALDE,0,0
8,DEL BIOBIO,QUILACO,UNIDOS POR LA DIGNIDAD,INDEPENDIENTES-LISTA XU,250.0,PABLO ANTONIO,URRUTIA,MALDONADO,1330,ALCALDE,0,0
8,DEL BIOBIO,QUILLECO,INDEPENDIENTES,INDEPENDIENTES,250.0,RODRIGO MARIANO,TAPIA,AVELLO,2404,ALCALDE,1,0
8,DEL BIOBIO,SAN ROSENDO,INDEPENDIENTES,INDEPENDIENTES,252.0,RABINDRANATH CECIL RICARDO,ACUÑA,OLATE,1383,ALCALDE,1,0
8,DEL BIOBIO,SANTA BARBARA,UNIDOS POR LA DIGNIDAD,PARTIDO DEMOCRATA CRISTIANO,250.0,DANIEL SEBASTIAN,SALAMANCA,PEREZ,2377,ALCALDE,0,0
8,DEL BIOBIO,TIRUA,INDEPENDIENTES,INDEPENDIENTES,252.0,JOSE ROLANDO,LINCO,GARRIDO,1925,ALCALDE,1,0
8,DEL BIOBIO,TUCAPEL,CHILE VAMOS,RENOVACION NACIONAL,251.0,JAIME SERGIO,VELOSO,JARA,4382,ALCALDE,1,1
8,DEL BIOBIO,YUMBEL,INDEPENDIENTES,INDEPENDIENTES,254.0,JOSE AURELIO,SAEZ,VINET,2598,ALCALDE,1,0
9,DE LA ARAUCANIA,ANGOL,CHILE VAMOS,INDEPENDIENTES-LISTA XX,251.0,JOSE ENRIQUE,NEIRA,NEIRA,8568,ALCALDE,1,1
9,DE LA ARAUCANIA,COLLIPULLI,CHILE VAMOS,INDEPENDIENTES-LISTA XX,252.0,MANUEL JESUS,MACAYA,RAMIREZ,3869,ALCALDE,1,1
9,DE LA ARAUCANIA,CURACAUTIN,INDEPENDIENTES,INDEPENDIENTES,252.0,VICTOR MANUEL,BARRERA,BARRERA,3171,ALCALDE,1,0
9,DE LA ARAUCANIA,ERCILLA,UNIDOS POR LA DIGNIDAD,INDEPENDIENTES-LISTA XU,250.0,VALENTIN ENRIQUE,VIDAL,HERNANDEZ,1488,ALCALDE,0,0
9,DE LA ARAUCANIA,GALVARINO,UNIDOS POR LA DIGNIDAD,INDEPENDIENTES-LISTA XU,251.0,MARCOS EDGARDO,HERNANDEZ,ROJAS,2299,ALCALDE,0,0
9,DE LA ARAUCANIA,LAUTARO,UNIDOS POR LA DIGNIDAD,INDEPENDIENTES-LISTA XU,250.0,RAUL ALBERTO,SCHIFFERLI,DIAZ,9449,ALCALDE,0,0
9,DE LA ARAUCANIA,LONQUIMAY,UNIDOS POR LA DIGNIDAD,INDEPENDIENTES-LISTA XU,250.0,GILBERTO NIBALDO,ALEGRIA,ALEGRIA,3229,ALCALDE,0,0
9,DE LA ARAUCANIA,LOS SAUCES,CHILE VAMOS,UNION DEMOCRATA INDEPENDIENTE,251.0,LUIS GASTON,MELLA,ARZOLA,1777,ALCALDE,1,1
9,DE LA ARAUCANIA,LUMACO,CHILE VAMOS,INDEPENDIENTES-LISTA XX,252.0,RICHARD ALEXIS,LEONELLI,CONTRERAS,2953,ALCALDE,1,1
9,DE LA ARAUCANIA,MELIPEUCO,UNIDAD POR EL APRUEBO,INDEPENDIENTES-LISTA K,250.0,ISAAC ALEJANDRO,CUMINAO,BARROS,1943,ALCALDE,0,0
9,DE LA ARAUCANIA,PERQUENCO,UNIDAD POR EL APRUEBO,PARTIDO POR LA DEMOCRACIA,250.0,LUIS ALEJANDRO,SEPULVEDA,TAPIA,2184,ALCALDE,0,0
9,DE LA ARAUCANIA,PUREN,UNIDAD POR EL APRUEBO,PARTIDO POR LA DEMOCRACIA,250.0,JORGE DOLIVER,RIVERA,LEAL,2277,ALCALDE,0,0
9,DE LA ARAUCANIA,RENAICO,INDEPENDIENTES,INDEPENDIENTES,252.0,JUAN CARLOS,REINAO,MARILAO,2183,ALCALDE,1,0
9,DE LA ARAUCANIA,TRAIGUEN,UNIDAD POR EL APRUEBO,INDEPENDIENTES-LISTA K,250.0,RICARDO JAVIER,SANHUEZA,PIRCE,3738,ALCALDE,0,0
9,DE LA ARAUCANIA,VICTORIA,INDEPENDIENTES,INDEPENDIENTES,252.0,JAVIER ALEJANDRO,JARAMILLO,SOTO,5070,ALCALDE,1,0
9,DE LA ARAUCANIA,VILCUN,CHILE VAMOS,RENOVACION NACIONAL,251.0,KATHERINNE TATIANA,MIGUELES,MUÑOZ,5120,ALCALDE,1,1
9,DE LA ARAUCANIA,CARAHUE,CHILE VAMOS,UNION DEMOCRATA INDEPENDIENTE,252.0,HECTOR ALEJANDRO,SAEZ,VELIZ,4169,ALCALDE,1,1
9,DE LA ARAUCANIA,CHOLCHOL,INDEPENDIENTES,INDEPENDIENTES,252.0,LUIS ALFREDO,HUIRILEF,BARRA,3006,ALCALDE,1,0
9,DE LA ARAUCANIA,CUNCO,INDEPENDIENTES,INDEPENDIENTES,252.0,ANTONIO ALFONSO,COKE,CANDIA,3704,ALCALDE,1,0
9,DE LA ARAUCANIA,CURARREHUE,UNIDAD POR EL APRUEBO,PARTIDO POR LA DEMOCRACIA,250.0,ABEL RUBEN,PAINEFILO,BARRIGA,1916,ALCALDE,0,0
9,DE LA ARAUCANIA,FREIRE,UNIDOS POR LA DIGNIDAD,PARTIDO DEMOCRATA CRISTIANO,250.0,LUIS ARMANDO,ARIAS,LOPEZ,2689,ALCALDE,0,0
9,DE LA ARAUCANIA,GORBEA,UNIDOS POR LA DIGNIDAD,PARTIDO DEMOCRATA CRISTIANO,250.0,JORGE ANDRES,ROMERO,MARTINEZ,3767,ALCALDE,0,0
9,DE LA ARAUCANIA,LONCOCHE,INDEPENDIENTES,INDEPENDIENTES,252.0,ALEXIS ARTURO,PINEDA,RUIZ,3752,ALCALDE,1,0
9,DE LA ARAUCANIA,NUEVA IMPERIAL,UNIDOS POR LA DIGNIDAD,PARTIDO DEMOCRATA CRISTIANO,251.0,CESAR HIPOLITO,SEPULVEDA,HUERTA,4588,ALCALDE,0,0
9,DE LA ARAUCANIA,PADRE LAS CASAS,INDEPENDIENTES,INDEPENDIENTES,255.0,MARIO HERNAN,GONZALEZ,REBOLLEDO,7974,ALCALDE,1,0
9,DE LA ARAUCANIA,PITRUFQUEN,CHILE VAMOS,RENOVACION NACIONAL,251.0,JACQUELINE DEL CARMEN,ROMERO,INZUNZA,4402,ALCALDE,1,1
9,DE LA ARAUCANIA,PUCON,CHILE VAMOS,RENOVACION NACIONAL,251.0,CARLOS REINALDO,BARRA,MATAMALA,3834,ALCALDE,1,1
9,DE LA ARAUCANIA,SAAVEDRA,INDEPENDIENTES,INDEPENDIENTES,251.0,JUAN DE DIOS,PAILLAFIL,CALFULEN,3856,ALCALDE,1,0
9,DE LA ARAUCANIA,TEMUCO,UNIDAD POR EL APRUEBO,PARTIDO POR LA DEMOCRACIA,250.0,ROBERTO FRANCISCO,NEIRA,ABURTO,30303,ALCALDE,0,0
9,DE LA ARAUCANIA,TEODORO SCHMIDT,CHILE VAMOS,UNION DEMOCRATA INDEPENDIENTE,251.0,BALDOMERO ABEL,SANTOS,VIDAL,2610,ALCALDE,1,1
9,DE LA ARAUCANIA,TOLTEN,CHILE VAMOS,UNION DEMOCRATA INDEPENDIENTE,251.0,GUILLERMO ANTONIO,MARTINEZ,SOTO,3095,ALCALDE,1,1
9,DE LA ARAUCANIA,VILLARRICA,INDEPENDIENTES,INDEPENDIENTES,254.0,GERMAN ANTONIO,VERGARA,LAGOS,6122,ALCALDE,1,0
10,DE LOS LAGOS,FRESIA,UNIDOS POR LA DIGNIDAD,PARTIDO DEMOCRATA CRISTIANO,251.0,JOSE MIGUEL,CARDENAS,BARRIA,2592,ALCALDE,0,0
10,DE LOS LAGOS,FRUTILLAR,UNIDAD POR EL APRUEBO,PARTIDO SOCIALISTA DE CHILE,250.0,CESAR ADONES,HUENUQUEO,MALDONADO,4538,ALCALDE,0,0
10,DE LOS LAGOS,LLANQUIHUE,UNIDOS POR LA DIGNIDAD,PARTIDO DEMOCRATA CRISTIANO,250.0,VICTOR RUBEN,ANGULO,MUÑOZ,4682,ALCALDE,0,0
10,DE LOS LAGOS,LOS MUERMOS,CHILE VAMOS,UNION DEMOCRATA INDEPENDIENTE,251.0,SERGIO ERWIN,HAEGER,YUNGE,3618,ALCALDE,1,1
10,DE LOS LAGOS,OSORNO,UNIDOS POR LA DIGNIDAD,PARTIDO DEMOCRATA CRISTIANO,250.0,EMETERIO,CARRILLO,TORRES,18855,ALCALDE,0,0
10,DE LOS LAGOS,PUERTO OCTAY,UNIDAD POR EL APRUEBO,INDEPENDIENTES-LISTA K,250.0,GERARDO AUGUSTO,GUNCKEL,ARRIAGADA,2006,ALCALDE,0,0
10,DE LOS LAGOS,PUERTO VARAS,INDEPENDIENTES,INDEPENDIENTES,255.0,TOMAS ANDRES,GARATE,SILVA,5677,ALCALDE,1,0
10,DE LOS LAGOS,PURRANQUE,UNIDOS POR LA DIGNIDAD,PARTIDO DEMOCRATA CRISTIANO,251.0,CESAR IVAN,CROT,VARGAS,3849,ALCALDE,0,0
10,DE LOS LAGOS,PUYEHUE,CHILE VAMOS,UNION DEMOCRATA INDEPENDIENTE,251.0,MARIA JIMENA,NUÑEZ,MORALES,2842,ALCALDE,1,1
10,DE LOS LAGOS,RIO NEGRO,CHILE VAMOS,RENOVACION NACIONAL,251.0,SEBASTIAN ALEJANDRO,CRUZAT,CARCAMO,2487,ALCALDE,1,1
10,DE LOS LAGOS,SAN JUAN DE LA COSTA,UNIDOS POR LA DIGNIDAD,PARTIDO DEMOCRATA CRISTIANO,250.0,BERNARDO,CANDIA,HENRIQUEZ,1583,ALCALDE,0,0
10,DE LOS LAGOS,SAN PABLO,CHILE VAMOS,RENOVACION NACIONAL,251.0,JUAN CARLOS,SOTO,CAUCAU,2561,ALCALDE,1,1
10,DE LOS LAGOS,ANCUD,INDEPENDIENTES,INDEPENDIENTES,253.0,CARLOS HERIBERTO,GOMEZ,MIRANDA,5839,ALCALDE,1,0
10,DE LOS LAGOS,CALBUCO,INDEPENDIENTES,INDEPENDIENTES,253.0,JUAN FRANCISCO,CALBUCOY,GUERRERO,3274,ALCALDE,1,0
10,DE LOS LAGOS,CASTRO,CHILE VAMOS,INDEPENDIENTES-LISTA XX,251.0,JUAN EDUARDO,VERA,SANHUEZA,10215,ALCALDE,1,1
10,DE LOS LAGOS,CHAITEN,UNIDAD POR EL APRUEBO,INDEPENDIENTES-LISTA K,250.0,PEDRO RONNY,VASQUEZ,CELEDON,1219,ALCALDE,0,0
10,DE LOS LAGOS,CHONCHI,CHILE VAMOS,RENOVACION NACIONAL,251.0,FERNANDO ARIEL,OYARZUN,MACIAS,3309,ALCALDE,1,1
10,DE LOS LAGOS,COCHAMO,INDEPENDIENTES,INDEPENDIENTES,256.0,JESUS SILVERIO,MORALES,ROSALES,686,ALCALDE,1,0
10,DE LOS LAGOS,CURACO DE VELEZ,UNIDAD POR EL APRUEBO,INDEPENDIENTES-LISTA K,250.0,JAVIERA PAZ,YAÑEZ,REBOLLEDO,1391,ALCALDE,0,0
10,DE LOS LAGOS,DALCAHUE,CHILE VAMOS,INDEPENDIENTES-LISTA XX,251.0,JUAN SEGUNDO,HIJERRA,SERON,2692,ALCALDE,1,1
10,DE LOS LAGOS,FUTALEUFU,INDEPENDIENTES,INDEPENDIENTES,252.0,JOSE ALEJANDRO,AVELLO,BASCUR,787,ALCALDE,1,0
10,DE LOS LAGOS,HUALAIHUE,INDEPENDIENTES,INDEPENDIENTES,253.0,MARIA CRISTINA,ESPINOZA,OJEDA,2165,ALCALDE,1,0
10,DE LOS LAGOS,MAULLIN,CHILE VAMOS,INDEPENDIENTES-LISTA XX,251.0,NABIH EDUARDO,SOZA,CARDENAS,3518,ALCALDE,1,1
10,DE LOS LAGOS,PALENA,CHILE VAMOS,RENOVACION NACIONAL,251.0,JULIO CESAR HERNAN,DELGADO,RETAMAL,358,ALCALDE,1,1
10,DE LOS LAGOS,PUERTO MONTT,UNIDAD POR EL APRUEBO,PARTIDO SOCIALISTA DE CHILE,250.0,GERVOY AMADOR,PAREDES,ROJAS,36640,ALCALDE,0,0
10,DE LOS LAGOS,PUQUELDON,UNIDOS POR LA DIGNIDAD,INDEPENDIENTES-LISTA XU,250.0,JOSE RODRIGO,OJEDA,CARDENAS,1119,ALCALDE,0,0
10,DE LOS LAGOS,QUEILEN,UNIDOS POR LA DIGNIDAD,PARTIDO DEMOCRATA CRISTIANO,250.0,MARCOS PATRICIO,VARGAS,OYARZUN,1730,ALCALDE,0,0
10,DE LOS LAGOS,QUELLON,UNIDOS POR LA DIGNIDAD,PARTIDO DEMOCRATA CRISTIANO,250.0,CRISTIAN FELIPE,OJEDA,CHIGUAY,5449,ALCALDE,0,0
10,DE LOS LAGOS,QUEMCHI,UNIDAD POR EL APRUEBO,INDEPENDIENTES-LISTA K,250.0,LUIS HERIBERTO,MACIAS,DEMARCHI,2197,ALCALDE,0,0
10,DE LOS LAGOS,QUINCHAO,INDEPENDIENTES,INDEPENDIENTES,252.0,RENE ALFONSO,GARCES,ALVAREZ,2047,ALCALDE,1,0
11,DE AYSEN DEL GENERAL CARLOS IBAÑEZ DEL CAMPO,AYSEN,UNIDAD POR EL APRUEBO,INDEPENDIENTES-LISTA K,250.0,JULIO ESTEBAN CONFUCIO,URIBE,ALVARADO,4167,ALCALDE,0,0
11,DE AYSEN DEL GENERAL CARLOS IBAÑEZ DEL CAMPO,CHILE CHICO,INDEPENDIENTES,INDEPENDIENTES,252.0,LUPERCIANO SEGUNDO,MUÑOZ,GONZALEZ,954,ALCALDE,1,0
11,DE AYSEN DEL GENERAL CARLOS IBAÑEZ DEL CAMPO,CISNES,CHILE VAMOS,RENOVACION NACIONAL,251.0,FRANCISCO JAVIER,RONCAGLIOLO,LEPIO,1162,ALCALDE,1,1
11,DE AYSEN DEL GENERAL CARLOS IBAÑEZ DEL CAMPO,COCHRANE,UNIDAD POR EL APRUEBO,PARTIDO RADICAL DE CHILE,250.0,JORGE EDUARDO,CALDERON,NUÑEZ,1096,ALCALDE,0,0
11,DE AYSEN DEL GENERAL CARLOS IBAÑEZ DEL CAMPO,COYHAIQUE,UNIDOS POR LA DIGNIDAD,PARTIDO DEMOCRATA CRISTIANO,251.0,CARLOS PATRICIO,GATICA,VILLEGAS,7801,ALCALDE,0,0
11,DE AYSEN DEL GENERAL CARLOS IBAÑEZ DEL CAMPO,GUAITECAS,UNIDAD POR EL APRUEBO,PARTIDO POR LA DEMOCRACIA,250.0,MARCOS RAFAEL,SILVA,MIRANDA,423,ALCALDE,0,0
11,DE AYSEN DEL GENERAL CARLOS IBAÑEZ DEL CAMPO,LAGO VERDE,CHILE VAMOS,UNION DEMOCRATA INDEPENDIENTE,251.0,NELSON FREDY,OPAZO,LOPEZ,401,ALCALDE,1,1
11,DE AYSEN DEL GENERAL CARLOS IBAÑEZ DEL CAMPO,O'HIGGINS,UNIDOS POR LA DIGNIDAD,PARTIDO DEMOCRATA CRISTIANO,250.0,JOSE CLAUDIO,FICA,GOMEZ,205,ALCALDE,0,0
11,DE AYSEN DEL GENERAL CARLOS IBAÑEZ DEL CAMPO,RIO IBAÑEZ,CHILE VAMOS,UNION DEMOCRATA INDEPENDIENTE,250.0,MARCELO ORLANDO,SANTANA,VARGAS,1088,ALCALDE,1,1
11,DE AYSEN DEL GENERAL CARLOS IBAÑEZ DEL CAMPO,TORTEL,UNIDAD POR EL APRUEBO,INDEPENDIENTES-LISTA K,250.0,ABEL ALBINO,BECERRA,VIDAL,181,ALCALDE,0,0
12,DE MAGALLANES Y DE LA ANTARTICA CHILENA,ANTARTICA,UNIDOS POR LA DIGNIDAD,PARTIDO DEMOCRATA CRISTIANO,250.0,JAIME PATRICIO,FERNANDEZ,ALARCON,0,ALCALDE,0,0
12,DE MAGALLANES Y DE LA ANTARTICA CHILENA,CABO DE HORNOS(EX-NAVARINO),UNIDOS POR LA DIGNIDAD,PARTIDO DEMOCRATA CRISTIANO,250.0,JAIME PATRICIO,FERNANDEZ,ALARCON,449,ALCALDE,0,0
12,DE MAGALLANES Y DE LA ANTARTICA CHILENA,LAGUNA BLANCA,UNIDAD POR EL APRUEBO,PARTIDO SOCIALISTA DE CHILE,250.0,FERNANDO IVAN,OJEDA,GONZALEZ,171,ALCALDE,0,0
12,DE MAGALLANES Y DE LA ANTARTICA CHILENA,NATALES,INDEPENDIENTES,INDEPENDIENTES,252.0,ANTONIETA DANIELA DEL CARMEN,OYARZO,ALVARADO,5092,ALCALDE,1,0
12,DE MAGALLANES Y DE LA ANTARTICA CHILENA,PORVENIR,INDEPENDIENTES,INDEPENDIENTES,253.0,JOSE GABRIEL,PARADA,AGUILAR,1211,ALCALDE,1,0
12,DE MAGALLANES Y DE LA ANTARTICA CHILENA,PRIMAVERA,UNIDOS POR LA DIGNIDAD,PARTIDO DEMOCRATA CRISTIANO,250.0,BLAGOMIR FERNANDO,BRZTILO,AVENDAÑO,300,ALCALDE,0,0
12,DE MAGALLANES Y DE LA ANTARTICA CHILENA,PUNTA ARENAS,CHILE VAMOS,RENOVACION NACIONAL,251.0,CLAUDIO ANDRES,RADONICH,JIMENEZ,21923,ALCALDE,1,1
12,DE MAGALLANES Y DE LA ANTARTICA CHILENA,RIO VERDE,CHILE VAMOS,UNION DEMOCRATA INDEPENDIENTE,250.0,SABINA ALEJANDRA,BALLESTEROS,VARGAS,296,ALCALDE,1,1
12,DE MAGALLANES Y DE LA ANTARTICA CHILENA,SAN GREGORIO,UNIDOS POR LA DIGNIDAD,PARTIDO DEMOCRATA CRISTIANO,250.0,JEANNETTE ISABEL,ANDRADE,RUIZ,217,ALCALDE,0,0
12,DE MAGALLANES Y DE LA ANTARTICA CHILENA,TIMAUKEL,INDEPENDIENTES,INDEPENDIENTES,251.0,LUIS SEGUNDO,BARRIA,ANDRADE,179,ALCALDE,1,0
12,DE MAGALLANES Y DE LA ANTARTICA CHILENA,TORRES DEL PAINE,INDEPENDIENTES,INDEPENDIENTES,252.0,ANAHI MARCELA,CARDENAS,RODRIGUEZ,524,ALCALDE,1,0
13,METROPOLITANA DE SANTIAGO,LA GRANJA,UNIDOS POR LA DIGNIDAD,PARTIDO DEMOCRATA CRISTIANO,252.0,LUIS FELIPE,DELPIN,AGUILAR,19595,ALCALDE,0,0
13,METROPOLITANA DE SANTIAGO,MACUL,INDEPENDIENTES,INDEPENDIENTES,252.0,GONZALO EUGENIO,MONTOYA,RIQUELME,28106,ALCALDE,1,0
13,METROPOLITANA DE SANTIAGO,ÑUÑOA,FRENTE AMPLIO,REVOLUCION DEMOCRATICA,251.0,CRISTINA EMILIA,RIOS,SAAVEDRA,34664,ALCALDE,0,0
13,METROPOLITANA DE SANTIAGO,PROVIDENCIA,CHILE VAMOS,UNION DEMOCRATA INDEPENDIENTE,250.0,EVELYN ROSE,MATTHEI,FORNET,46890,ALCALDE,1,1
13,METROPOLITANA DE SANTIAGO,SAN JOAQUIN,INDEPENDIENTES,INDEPENDIENTES,253.0,CRISTOBAL AMARO,LABRA,BASSA,19371,ALCALDE,1,0
13,METROPOLITANA DE SANTIAGO,SANTIAGO,CHILE DIGNO VERDE Y SOBERANO,PARTIDO COMUNISTA DE CHILE,251.0,IRACI LUIZA,HASSLER,JACOB,45376,ALCALDE,0,0
13,METROPOLITANA DE SANTIAGO,LA REINA,CHILE VAMOS,UNION DEMOCRATA INDEPENDIENTE,251.0,JOSE MANUEL AUGUSTO,PALACIOS,PARRA,29323,ALCALDE,1,1
13,METROPOLITANA DE SANTIAGO,LAS CONDES,CHILE VAMOS,UNION DEMOCRATA INDEPENDIENTE,253.0,DANIELA,PEÑALOZA,RAMOS,58603,ALCALDE,1,1
13,METROPOLITANA DE SANTIAGO,LO BARNECHEA,CHILE VAMOS,UNION DEMOCRATA INDEPENDIENTE,250.0,JUAN CRISTOBAL,LIRA,IBAÑEZ,38685,ALCALDE,1,1
13,METROPOLITANA DE SANTIAGO,PEÑALOLEN,UNIDOS POR LA DIGNIDAD,PARTIDO DEMOCRATA CRISTIANO,252.0,CAROLINA,LEITAO,ALVAREZ-SALAMANCA,28357,ALCALDE,0,0
13,METROPOLITANA DE SANTIAGO,VITACURA,CHILE VAMOS,EVOLUCION POLITICA,252.0,CAMILA,MERINO,CATALAN,31646,ALCALDE,1,1
13,METROPOLITANA DE SANTIAGO,LA FLORIDA,CHILE VAMOS,INDEPENDIENTES-LISTA XX,252.0,RODOLFO RAFAEL,CARTER,FERNANDEZ,90303,ALCALDE,1,1
13,METROPOLITANA DE SANTIAGO,LA PINTANA,UNIDOS POR LA DIGNIDAD,PARTIDO DEMOCRATA CRISTIANO,250.0,CLAUDIA GERLENE,PIZARRO,PEÑA,21061,ALCALDE,0,0
13,METROPOLITANA DE SANTIAGO,PIRQUE,UNIDAD POR EL APRUEBO,INDEPENDIENTES-LISTA K,250.0,JAIME FRANCISCO,ESCUDERO,RAMOS,4662,ALCALDE,0,0
13,METROPOLITANA DE SANTIAGO,PUENTE ALTO,CHILE VAMOS,RENOVACION NACIONAL,252.0,GERMAN,CODINA,POWERS,87239,ALCALDE,1,1
13,METROPOLITANA DE SANTIAGO,SAN JOSE DE MAIPO,UNIDAD POR EL APRUEBO,PARTIDO RADICAL DE CHILE,250.0,ROBERTO ULISES,PEREZ,CATALAN,3940,ALCALDE,0,0
13,METROPOLITANA DE SANTIAGO,EL BOSQUE,UNIDAD POR EL APRUEBO,PARTIDO SOCIALISTA DE CHILE,250.0,MANUEL FRANCISCO,ZUÑIGA,AGUILAR,16444,ALCALDE,0,0
13,METROPOLITANA DE SANTIAGO,LA CISTERNA,INDEPENDIENTES,INDEPENDIENTES,255.0,JOEL ANDRES,OLMOS,ESPINOZA,9987,ALCALDE,1,0
13,METROPOLITANA DE SANTIAGO,LO ESPEJO,CHILE DIGNO VERDE Y SOBERANO,PARTIDO COMUNISTA DE CHILE,250.0,JAVIERA PAZ,REYES,JARA,8531,ALCALDE,0,0
13,METROPOLITANA DE SANTIAGO,PEDRO AGUIRRE CERDA,INDEPENDIENTES,INDEPENDIENTES,254.0,LUIS ALBERTO,ASTUDILLO,PEIRETTI,13706,ALCALDE,1,0
13,METROPOLITANA DE SANTIAGO,SAN MIGUEL,FRENTE AMPLIO,INDEPENDIENTES-LISTA XS,251.0,ERIKA PAULINA,MARTINEZ,OSORIO,11766,ALCALDE,0,0
13,METROPOLITANA DE SANTIAGO,SAN RAMON,UNIDOS POR LA DIGNIDAD,PARTIDO DEMOCRATA CRISTIANO,251.0,GUSTAVO EDUARDO,TORO,QUINTANA,8305,ALCALDE,0,0
13,METROPOLITANA DE SANTIAGO,ALHUE,UNIDOS POR LA DIGNIDAD,PARTIDO DEMOCRATA CRISTIANO,250.0,ROBERTO EDUARDO,TORRES,HUERTA,2635,ALCALDE,0,0
13,METROPOLITANA DE SANTIAGO,BUIN,CHILE VAMOS,UNION DEMOCRATA INDEPENDIENTE,251.0,MIGUEL LEONARDO,ARAYA,LOBOS,14255,ALCALDE,1,1
13,METROPOLITANA DE SANTIAGO,CALERA DE TANGO,CHILE VAMOS,UNION DEMOCRATA INDEPENDIENTE,251.0,HORTENSIA MARICEL,MORA,CATALAN,4864,ALCALDE,1,1
13,METROPOLITANA DE SANTIAGO,CURACAVI,CHILE VAMOS,INDEPENDIENTES-LISTA XX,251.0,JUAN PABLO,BARROS,BASSO,5444,ALCALDE,1,1
13,METROPOLITANA DE SANTIAGO,EL MONTE,UNIDAD POR EL APRUEBO,PARTIDO SOCIALISTA DE CHILE,250.0,FRANCISCO JAVIER,GOMEZ,RAMIREZ,4834,ALCALDE,0,0
13,METROPOLITANA DE SANTIAGO,ISLA DE MAIPO,CHILE VAMOS,INDEPENDIENTES-LISTA XX,251.0,JUAN PABLO,OLAVE,CAMBARA,5167,ALCALDE,1,1
13,METROPOLITANA DE SANTIAGO,MARIA PINTO,CHILE VAMOS,RENOVACION NACIONAL,251.0,JESSICA PAOLA DEL CARMEN,MUALIM,FAJURI,2529,ALCALDE,1,1
13,METROPOLITANA DE SANTIAGO,MELIPILLA,FRENTE AMPLIO,CONVERGENCIA SOCIAL,250.0,LORENA CATALINA,OLAVARRIA,BAEZA,10079,ALCALDE,0,0
13,METROPOLITANA DE SANTIAGO,PADRE HURTADO,UNIDAD POR EL APRUEBO,PARTIDO SOCIALISTA DE CHILE,250.0,FELIPE LUIS,MUÑOZ,HEREDIA,8777,ALCALDE,0,0
13,METROPOLITANA DE SANTIAGO,PAINE,CHILE VAMOS,UNION DEMOCRATA INDEPENDIENTE,252.0,RODRIGO ALEXANDER,CONTRERAS,GUTIERREZ,6182,ALCALDE,1,1
13,METROPOLITANA DE SANTIAGO,PEÑAFLOR,UNIDOS POR LA DIGNIDAD,PARTIDO DEMOCRATA CRISTIANO,250.0,NIBALDO FAVIO,MEZA,GARFIA,18600,ALCALDE,0,0
13,METROPOLITANA DE SANTIAGO,SAN BERNARDO,UNIDAD POR EL APRUEBO,PARTIDO SOCIALISTA DE CHILE,250.0,CHRISTOPHER ANTONIO,WHITE,BAHAMONDES,27080,ALCALDE,0,0
13,METROPOLITANA DE SANTIAGO,SAN PEDRO,UNIDAD POR EL APRUEBO,PARTIDO POR LA DEMOCRACIA,250.0,EMILIO MARCELO,CERDA,SAGURIE,2270,ALCALDE,0,0
13,METROPOLITANA DE SANTIAGO,TALAGANTE,UNIDAD POR EL APRUEBO,PARTIDO SOCIALISTA DE CHILE,250.0,CARLOS DANIEL,ALVAREZ,ESTEBAN,18196,ALCALDE,0,0
13,METROPOLITANA DE SANTIAGO,CERRILLOS,INDEPENDIENTES,INDEPENDIENTES,254.0,LORENA LEONOR,FACUSE,ROJAS,9085,ALCALDE,1,0
13,METROPOLITANA DE SANTIAGO,COLINA,CHILE VAMOS,UNION DEMOCRATA INDEPENDIENTE,252.0,ISABEL MARGARITA,VALENZUELA,AHUMADA,11312,ALCALDE,1,1
13,METROPOLITANA DE SANTIAGO,ESTACION CENTRAL,FRENTE AMPLIO,INDEPENDIENTES-LISTA XS,251.0,FELIPE,MUÑOZ,VALLEJOS,27723,ALCALDE,0,0
13,METROPOLITANA DE SANTIAGO,LAMPA,INDEPENDIENTES,INDEPENDIENTES,254.0,JONATHAN ENRIQUE,OPAZO,CARRASCO,9712,ALCALDE,1,0
13,METROPOLITANA DE SANTIAGO,MAIPU,FRENTE AMPLIO,REVOLUCION DEMOCRATICA,250.0,TOMAS,VODANOVIC,ESCUDERO,90186,ALCALDE,0,0
13,METROPOLITANA DE SANTIAGO,PUDAHUEL,DIGNIDAD AHORA,IGUALDAD,253.0,ITALO ANDRES,BRAVO,LIZANA,19742,ALCALDE,0,0
13,METROPOLITANA DE SANTIAGO,QUILICURA,FRENTE AMPLIO,INDEPENDIENTES-LISTA XS,250.0,PAULINA REBECA,BOBADILLA,NAVARRETE,13955,ALCALDE,0,0
13,METROPOLITANA DE SANTIAGO,TILTIL,FRENTE AMPLIO,REVOLUCION DEMOCRATICA,251.0,LUIS ANDRES,VALENZUELA,CRUZAT,2460,ALCALDE,0,0
13,METROPOLITANA DE SANTIAGO,CERRO NAVIA,INDEPENDIENTES,INDEPENDIENTES,251.0,MAURO ELIAS,TAMAYO,ROZAS,33480,ALCALDE,1,0
13,METROPOLITANA DE SANTIAGO,CONCHALI,INDEPENDIENTES,INDEPENDIENTES,254.0,RENE ARTURO,DE LA VEGA,FUENTES,13789,ALCALDE,1,0
13,METROPOLITANA DE SANTIAGO,HUECHURABA,UNIDAD POR EL APRUEBO,PARTIDO POR LA DEMOCRACIA,250.0,CARLOS CESAR LUIS,CUADRADO,PRATS,20724,ALCALDE,0,0
13,METROPOLITANA DE SANTIAGO,INDEPENDENCIA,INDEPENDIENTES,INDEPENDIENTES,253.0,GONZALO,DURAN,BARONTI,16697,ALCALDE,1,0
13,METROPOLITANA DE SANTIAGO,LO PRADO,UNIDAD POR EL APRUEBO,PARTIDO POR LA DEMOCRACIA,250.0,MAXIMILIANO,RIOS,GALLEGUILLOS,21643,ALCALDE,0,0
13,METROPOLITANA DE SANTIAGO,QUINTA NORMAL,UNIDAD POR EL APRUEBO,PARTIDO SOCIALISTA DE CHILE,250.0,KARINA ANDREA,DELFINO,MUSSA,17546,ALCALDE,0,0
13,METROPOLITANA DE SANTIAGO,RECOLETA,CHILE DIGNO VERDE Y SOBERANO,PARTIDO COMUNISTA DE CHILE,250.0,OSCAR DANIEL,JADUE,JADUE,35305,ALCALDE,0,0
13,METROPOLITANA DE SANTIAGO,RENCA,INDEPENDIENTES,INDEPENDIENTES,251.0,CLAUDIO NICOLAS,CASTRO,SALAS,43966,ALCALDE,1,0
14,DE LOS RIOS,CORRAL,INDEPENDIENTES,INDEPENDIENTES,255.0,MIGUEL ENRIQUE,HERNANDEZ,MELLA,1145,ALCALDE,1,0
14,DE LOS RIOS,FUTRONO,CHILE VAMOS,UNION DEMOCRATA INDEPENDIENTE,252.0,CLAUDIO ROSAMEL,LAVADO,CASTRO,2708,ALCALDE,1,1
14,DE LOS RIOS,LAGO RANCO,CHILE VAMOS,RENOVACION NACIONAL,251.0,MIGUEL ANGEL,MEZA,SHWENKE,3044,ALCALDE,1,1
14,DE LOS RIOS,LANCO,UNIDAD POR EL APRUEBO,PARTIDO SOCIALISTA DE CHILE,250.0,JUAN,ROCHA ,AGUILERA,2764,ALCALDE,0,0
14,DE LOS RIOS,LA UNION,UNIDAD POR EL APRUEBO,PARTIDO SOCIALISTA DE CHILE,250.0,JUAN ANDRES,REINOSO,CARRILLO,5843,ALCALDE,0,0
14,DE LOS RIOS,LOS LAGOS,CHILE DIGNO VERDE Y SOBERANO,PARTIDO COMUNISTA DE CHILE,250.0,ALDO EMILIO,RETAMAL,ARRIAGADA,3981,ALCALDE,0,0
14,DE LOS RIOS,MAFIL,UNIDAD POR EL APRUEBO,PARTIDO POR LA DEMOCRACIA,250.0,CLAUDIO DAVID,SEPULVEDA,MIRANDA,1552,ALCALDE,0,0
14,DE LOS RIOS,MARIQUINA,CHILE VAMOS,INDEPENDIENTES-LISTA XX,251.0,GUILLERMO ROLANDO,MITRE,GATICA,3210,ALCALDE,1,1
14,DE LOS RIOS,PAILLACO,INDEPENDIENTES,INDEPENDIENTES,253.0,MIGUEL ANGEL,CARRASCO,GARCIA,3335,ALCALDE,1,0
14,DE LOS RIOS,PANGUIPULLI,INDEPENDIENTES,INDEPENDIENTES,254.0,PEDRO JAVIER,BURGOS,VASQUEZ,3716,ALCALDE,1,0
14,DE LOS RIOS,RIO BUENO,CHILE VAMOS,INDEPENDIENTES-LISTA XX,252.0,CAROLINA ANDREA,SILVA,PEREZ,3384,ALCALDE,1,1
14,DE LOS RIOS,VALDIVIA,FRENTE AMPLIO,REVOLUCION DEMOCRATICA,250.0,CARLA ANDREA,AMTMANN,FECCI,29226,ALCALDE,0,0
15,DE ARICA Y PARINACOTA,ARICA,FRENTE AMPLIO,PARTIDO LIBERAL DE CHILE,251.0,GERARDO ALFREDO,ESPINDOLA,ROJAS,20992,ALCALDE,0,0
15,DE ARICA Y PARINACOTA,CAMARONES,UNIDOS POR LA DIGNIDAD,PARTIDO DEMOCRATA CRISTIANO,250.0,CRISTIAN JAVIER,ZAVALA,SOTO,585,ALCALDE,0,0
15,DE ARICA Y PARINACOTA,GENERAL LAGOS,CHILE VAMOS,RENOVACION NACIONAL,251.0,ALEX FERNANDO,CASTILLO,BLAS,374,ALCALDE,1,1
15,DE ARICA Y PARINACOTA,PUTRE,INDEPENDIENTES,INDEPENDIENTES,252.0,MARICEL PATRICIA,GUTIERREZ,CASTRO,1303,ALCALDE,1,0
16,DE ÑUBLE,BULNES,INDEPENDIENTES,INDEPENDIENTES,253.0,GUILLERMO ALEJANDRO,YEBER,RODRIGUEZ,4424,ALCALDE,1,0
16,DE ÑUBLE,CHILLAN,UNIDAD POR EL APRUEBO,PARTIDO POR LA DEMOCRACIA,250.0,CAMILO FRANCISCO,BENAVENTE,JIMENEZ,33290,ALCALDE,0,0
16,DE ÑUBLE,CHILLAN VIEJO,INDEPENDIENTES,INDEPENDIENTES,252.0,JORGE ANDRES,DEL POZO,PASTENE,4145,ALCALDE,1,0
16,DE ÑUBLE,COBQUECURA,UNIDAD POR EL APRUEBO,INDEPENDIENTES-LISTA K,250.0,JULIO MANUEL ALBERTO,FUENTES,ALARCON,1922,ALCALDE,0,0
16,DE ÑUBLE,COELEMU,UNIDAD POR EL APRUEBO,INDEPENDIENTES-LISTA K,250.0,ALEJANDRO RODRIGO,PEDREROS,URRUTIA,4611,ALCALDE,0,0
16,DE ÑUBLE,COIHUECO,CHILE VAMOS,RENOVACION NACIONAL,252.0,CARLOS LUIS,CHANDIA,ALARCON,6278,ALCALDE,1,1
16,DE ÑUBLE,EL CARMEN,UNIDOS POR LA DIGNIDAD,PARTIDO DEMOCRATA CRISTIANO,250.0,JOSE HERNANDO,SAN MARTIN,RUBILAR,3444,ALCALDE,0,0
16,DE ÑUBLE,NINHUE,UNIDOS POR LA DIGNIDAD,INDEPENDIENTES-LISTA XU,250.0,LUIS ALBERTO,MOLINA,MELO,2180,ALCALDE,0,0
16,DE ÑUBLE,ÑIQUEN,CHILE VAMOS,UNION DEMOCRATA INDEPENDIENTE,252.0,MANUEL ALEJANDRO,PINO,TURRA,2774,ALCALDE,1,1
16,DE ÑUBLE,PEMUCO,CHILE VAMOS,INDEPENDIENTES-LISTA XX,251.0,JOHNNSON NEFTALI,GUIÑEZ,NUÑEZ,2302,ALCALDE,1,1
16,DE ÑUBLE,PINTO,CHILE VAMOS,UNION DEMOCRATA INDEPENDIENTE,251.0,MANUEL JESUS,GUZMAN,AEDO,3068,ALCALDE,1,1
16,DE ÑUBLE,PORTEZUELO,CHILE VAMOS,RENOVACION NACIONAL,250.0,RENE GUSTAVO,SCHUFFENEGER,SALAS,2525,ALCALDE,1,1
16,DE ÑUBLE,QUILLON,UNIDOS POR LA DIGNIDAD,PARTIDO DEMOCRATA CRISTIANO,250.0,MIGUEL ALFONSO,PEÑA,JARA,3327,ALCALDE,0,0
16,DE ÑUBLE,QUIRIHUE,UNIDAD POR EL APRUEBO,PARTIDO RADICAL DE CHILE,250.0,RICHARD PATRICIO,IRRIBARRA,RAMIREZ,2935,ALCALDE,0,0
16,DE ÑUBLE,RANQUIL,CHILE VAMOS,RENOVACION NACIONAL,251.0,NICOLAS ALFONSO,TORRES,OVALLE,2232,ALCALDE,1,1
16,DE ÑUBLE,SAN CARLOS,UNIDAD POR EL APRUEBO,PARTIDO SOCIALISTA DE CHILE,250.0,WILLIAMS GASTON,SUAZO,SOTO,5091,ALCALDE,0,0
16,DE ÑUBLE,SAN FABIAN,CHILE VAMOS,RENOVACION NACIONAL,251.0,CLAUDIO DE LA CRUZ,ALMUNA,GARRIDO,927,ALCALDE,1,1
16,DE ÑUBLE,SAN IGNACIO,INDEPENDIENTES,INDEPENDIENTES,252.0,CESAR ALBERTO,FIGUEROA,BETANCOURT,2442,ALCALDE,1,0
16,DE ÑUBLE,SAN NICOLAS,CHILE VAMOS,RENOVACION NACIONAL,251.0,VICTOR HUGO,RICE,SANCHEZ,2880,ALCALDE,1,1
16,DE ÑUBLE,TREHUACO,INDEPENDIENTES,INDEPENDIENTES,253.0,RAUL JAIME,ESPEJO,ESCOBAR,1400,ALCALDE,1,0
16,DE ÑUBLE,YUNGAY,UNIDAD POR EL APRUEBO,PARTIDO SOCIALISTA DE CHILE,250.0,RAFAEL ARCANGEL,CIFUENTES,RODRIGUEZ,2435,ALCALDE,0,0
